"id","name","comment","photo","phone","createdAt","updatedAt","scheduleId","priceId"
"8e1cf99e-0905-4754-9db9-6ab4726c3075","Marino Blasco","Lorem ipsum dolor sit amet consectetur adipisicing elit. Nemo earum et dolor impedit eligendi? Sed est quisquam amet nemo quae?","https://lh3.googleusercontent.com/ogw/AAEL6shSePQ9E9f10SqjeqgG4mHvrm612JZPpN03-B69Uss=s32-c-mo","5569790254","2023-01-18 03:00:53.878-06","2023-01-18 03:00:53.878-06","1337443f-0c15-4829-8aa3-2c55712caefb","3a36812c-cf40-4a83-a81e-d6caf466b6fe"
"ac66a301-24ab-48fb-a575-b3b2ca25c266","Emilia Ortiz","Lorem ipsum dolor sit amet consectetur adipisicing elit. Nemo earum et dolor impedit eligendi? Sed est quisquam amet nemo quae?","https://lh3.googleusercontent.com/ogw/AAEL6shSePQ9E9f10SqjeqgG4mHvrm612JZPpN03-B69Uss=s32-c-mo","5569790254","2023-01-18 03:00:53.879-06","2023-01-18 03:00:53.879-06","1337443f-0c15-4829-8aa3-2c55712caefb","191f4cde-4049-439f-8a5d-636be61bdb41"
"628681f3-cb5e-4494-9eda-49ed66ba5564","Noel Prado","Lorem ipsum dolor sit amet consectetur adipisicing elit. Nemo earum et dolor impedit eligendi? Sed est quisquam amet nemo quae?","https://lh3.googleusercontent.com/ogw/AAEL6shSePQ9E9f10SqjeqgG4mHvrm612JZPpN03-B69Uss=s32-c-mo","5569790254","2023-01-18 03:00:53.879-06","2023-01-18 03:00:53.879-06","5659328f-1fa6-4f57-a0b3-2c0666e668df","0071dbcd-838b-4340-8a4a-012f74858cff"
"783ad51b-9624-44a6-822f-174a803db7b8","Máximo Donoso","Lorem ipsum dolor sit amet consectetur adipisicing elit. Nemo earum et dolor impedit eligendi? Sed est quisquam amet nemo quae?","https://lh3.googleusercontent.com/ogw/AAEL6shSePQ9E9f10SqjeqgG4mHvrm612JZPpN03-B69Uss=s32-c-mo","5569790254","2023-01-18 03:00:53.88-06","2023-01-18 03:00:53.88-06","0e4a6637-4c96-4bdf-8075-e3d3f9d8b0fb","191f4cde-4049-439f-8a5d-636be61bdb41"
"85bf7136-24a9-46e0-9da7-adcd7d2cb39a","Claudio Agullo","Lorem ipsum dolor sit amet consectetur adipisicing elit. Nemo earum et dolor impedit eligendi? Sed est quisquam amet nemo quae?","https://lh3.googleusercontent.com/ogw/AAEL6shSePQ9E9f10SqjeqgG4mHvrm612JZPpN03-B69Uss=s32-c-mo","5569790254","2023-01-18 03:00:53.881-06","2023-01-18 03:00:53.881-06","1858533f-71a2-4063-910e-ad4576263ac8","0071dbcd-838b-4340-8a4a-012f74858cff"
"d2d026f0-4ec4-424d-954e-62a3c670162b","Eulalia Alegria","Lorem ipsum dolor sit amet consectetur adipisicing elit. Nemo earum et dolor impedit eligendi? Sed est quisquam amet nemo quae?","https://lh3.googleusercontent.com/ogw/AAEL6shSePQ9E9f10SqjeqgG4mHvrm612JZPpN03-B69Uss=s32-c-mo","5569790254","2023-01-18 03:00:53.887-06","2023-01-18 03:00:53.887-06","2250123a-1e5b-4d5a-a509-6b15bc41935f","46592bee-27ef-4e13-92ff-108c5d8e8c52"
"a976acce-436e-4fbd-826d-83d1922234ef","Rosalinda Carro","Lorem ipsum dolor sit amet consectetur adipisicing elit. Nemo earum et dolor impedit eligendi? Sed est quisquam amet nemo quae?","https://lh3.googleusercontent.com/ogw/AAEL6shSePQ9E9f10SqjeqgG4mHvrm612JZPpN03-B69Uss=s32-c-mo","5569790254","2023-01-18 03:00:53.89-06","2023-01-18 03:00:53.89-06","e8224675-0b93-423b-9e08-ae4d6c268c42","f8152623-5874-4227-afdb-c0708cc06eb6"
"e05a5514-245b-4b55-8190-a4be688160b9","Micaela Cuervo","Lorem ipsum dolor sit amet consectetur adipisicing elit. Nemo earum et dolor impedit eligendi? Sed est quisquam amet nemo quae?","https://lh3.googleusercontent.com/ogw/AAEL6shSePQ9E9f10SqjeqgG4mHvrm612JZPpN03-B69Uss=s32-c-mo","5569790254","2023-01-18 03:00:53.89-06","2023-01-18 03:00:53.89-06","a8edae87-4936-4f71-892f-9633b4c84c1b","eaafa3fd-85a1-4ff3-8333-a1fdb9e0293d"
"ca2c48f7-6f7b-4e74-a8b7-901951787c67","Gabriel Canales","Lorem ipsum dolor sit amet consectetur adipisicing elit. Nemo earum et dolor impedit eligendi? Sed est quisquam amet nemo quae?","https://lh3.googleusercontent.com/ogw/AAEL6shSePQ9E9f10SqjeqgG4mHvrm612JZPpN03-B69Uss=s32-c-mo","5569790254","2023-01-18 03:00:53.891-06","2023-01-18 03:00:53.891-06","5659328f-1fa6-4f57-a0b3-2c0666e668df","b84a88e3-029e-4c15-9b20-e772e225ee55"
"21373daf-7c96-4772-acb8-ccb9642e4f9a","Armando Milla","Lorem ipsum dolor sit amet consectetur adipisicing elit. Nemo earum et dolor impedit eligendi? Sed est quisquam amet nemo quae?","https://lh3.googleusercontent.com/ogw/AAEL6shSePQ9E9f10SqjeqgG4mHvrm612JZPpN03-B69Uss=s32-c-mo","5569790254","2023-01-18 03:00:53.892-06","2023-01-18 03:00:53.892-06","5659328f-1fa6-4f57-a0b3-2c0666e668df","4b192e89-b2fb-40f6-b344-8e8306516343"
"3a4016fc-e0a7-48ba-ad3a-b19a71fc59b1","Ricardo Díaz","Lorem ipsum dolor sit amet consectetur adipisicing elit. Nemo earum et dolor impedit eligendi? Sed est quisquam amet nemo quae?","https://lh3.googleusercontent.com/ogw/AAEL6shSePQ9E9f10SqjeqgG4mHvrm612JZPpN03-B69Uss=s32-c-mo","5512323435","2023-01-18 03:00:53.895-06","2023-01-18 03:00:53.895-06","2250123a-1e5b-4d5a-a509-6b15bc41935f","3a36812c-cf40-4a83-a81e-d6caf466b6fe"
"5b1870bb-112f-45e3-891a-c72deefdd4c0","Minerva Moontenegro","Lorem ipsum dolor sit amet consectetur adipisicing elit. Nemo earum et dolor impedit eligendi? Sed est quisquam amet nemo quae?","https://lh3.googleusercontent.com/ogw/AAEL6shSePQ9E9f10SqjeqgG4mHvrm612JZPpN03-B69Uss=s32-c-mo","5569790254","2023-01-18 03:00:53.896-06","2023-01-18 03:00:53.896-06","a8edae87-4936-4f71-892f-9633b4c84c1b","191f4cde-4049-439f-8a5d-636be61bdb41"
"022ff36b-3724-47bf-a802-13b1bbb082f6","José Enrique Chacón","Lorem ipsum dolor sit amet consectetur adipisicing elit. Nemo earum et dolor impedit eligendi? Sed est quisquam amet nemo quae?","https://lh3.googleusercontent.com/ogw/AAEL6shSePQ9E9f10SqjeqgG4mHvrm612JZPpN03-B69Uss=s32-c-mo","5569790254","2023-01-18 03:00:53.897-06","2023-01-18 03:00:53.897-06","1337443f-0c15-4829-8aa3-2c55712caefb","191f4cde-4049-439f-8a5d-636be61bdb41"
"a924096e-9e27-45fe-a271-aff1a2dfe507","Arantxa Pacheco","Lorem ipsum dolor sit amet consectetur adipisicing elit. Nemo earum et dolor impedit eligendi? Sed est quisquam amet nemo quae?","https://lh3.googleusercontent.com/ogw/AAEL6shSePQ9E9f10SqjeqgG4mHvrm612JZPpN03-B69Uss=s32-c-mo","5569790254","2023-01-18 03:00:53.898-06","2023-01-18 03:00:53.898-06","e8224675-0b93-423b-9e08-ae4d6c268c42","0071dbcd-838b-4340-8a4a-012f74858cff"
"31c7d502-2402-40a0-890d-8e2a64e6eef5","Luz Olivera","Lorem ipsum dolor sit amet consectetur adipisicing elit. Nemo earum et dolor impedit eligendi? Sed est quisquam amet nemo quae?","https://lh3.googleusercontent.com/ogw/AAEL6shSePQ9E9f10SqjeqgG4mHvrm612JZPpN03-B69Uss=s32-c-mo","5569790254","2023-01-18 03:00:53.899-06","2023-01-18 03:00:53.899-06","0e4a6637-4c96-4bdf-8075-e3d3f9d8b0fb","46592bee-27ef-4e13-92ff-108c5d8e8c52"
"58ba8ccb-b6bc-447c-8203-5d5c34d1f829","Gaspar Moral","Lorem ipsum dolor sit amet consectetur adipisicing elit. Nemo earum et dolor impedit eligendi? Sed est quisquam amet nemo quae?","https://lh3.googleusercontent.com/ogw/AAEL6shSePQ9E9f10SqjeqgG4mHvrm612JZPpN03-B69Uss=s32-c-mo","5569790254","2023-01-18 03:00:53.903-06","2023-01-18 03:00:53.903-06","1337443f-0c15-4829-8aa3-2c55712caefb","eaafa3fd-85a1-4ff3-8333-a1fdb9e0293d"
